Ssp,PC1,PC2,PC3,PC4,PC5,PC6,PC7,PC8,PC9,PC10,PC11,PC12,PC13,PC14,PC15,PC16,bio4,bio5,bio15,bio16,bio17,bioalt,lon,lat
cinereus,-0.619712882,1.738836361,0.195085172,0.028774516,0.667279994,0.955359087,0.211702402,-0.926910834,-0.661995056,0.549664187,-0.223077742,0.120846617,-0.714937331,-0.340803009,-0.340777236,-0.058032004,431.9634506,34.20000076,136.6061359,274,4,445,-110.0615313,23.81368341
cinereus,2.877834877,-0.4323479,-0.310688889,1.38875109,-0.15058178,0.483821661,0.300141591,0.453475739,-0.915730152,-1.089314505,-0.015327946,-0.697976896,0.224034373,0.783138528,-0.159502941,-0.211428418,600.0959388,28.89999962,89.9485255,241,20,2148,-108.344498,29.970841
cinereus,1.23789365,1.066388663,-0.191768237,1.736977781,1.337083777,0.142529784,-0.408584266,0.099475853,-0.094092351,-0.422085275,0.570254702,0.682001584,0.194950157,-0.602260673,0.363167071,-0.210546433,760.1654833,40.40000153,79.73740434,144,18,811,-104.49776,29.51919
cinereus,0.427468648,0.882312876,-0.473694126,-0.938592629,0.630243118,0.548899685,-0.890518623,-0.41864916,0.597203551,-0.420520372,0.812520324,-0.365981882,-0.30494411,0.186471642,-0.310177395,0.242354815,760.1654833,40.40000153,79.73740434,144,18,811,-104.49776,29.51919
cinereus,0.701862038,-0.207362514,0.479341523,0.25781528,-0.182693244,-0.473685301,1.815425842,0.541435115,0.272957065,1.073543974,0.292719662,-0.023871918,0.155314089,-0.194282804,0.549255813,-0.253804164,760.1654833,40.40000153,79.73740434,144,18,811,-104.49776,29.51919
cinereus,0.550381205,1.369793483,0.345329589,0.37510519,1.624893612,0.96211595,0.033225468,0.690788503,0.542458597,0.520813663,0.396047375,0.160037325,-0.502851908,-0.030759478,0.052290169,-0.181118288,760.1654833,40.40000153,79.73740434,144,18,811,-104.49776,29.51919
cinereus,1.78407348,-0.285833678,0.591253511,0.933411254,0.836713523,0.473585616,0.80173499,0.629619449,1.044096266,-0.364018816,0.169102498,-0.655573886,0.172494671,-0.16117965,-0.218791232,0.405426572,760.1654833,40.40000153,79.73740434,144,18,811,-104.49776,29.51919
cinereus,1.130050984,-0.758949962,0.290128478,-0.106127701,0.277058359,0.875734667,-0.334113935,-1.195999497,0.944938391,0.151434215,0.07143239,-0.777463056,-0.449714142,-0.104669695,0.024056667,0.276817533,760.1654833,40.40000153,79.73740434,144,18,811,-104.49776,29.51919
cinereus,-0.289447047,0.088872845,0.130248571,1.630102708,-0.106079382,0.361979473,-0.280167744,0.166879848,1.678839747,0.411259766,-0.261287067,-0.096980129,0.297265061,-0.470362829,0.21858052,-0.127875177,760.1654833,40.40000153,79.73740434,144,18,811,-104.49776,29.51919
cinereus,-0.923603781,1.108241357,0.592775895,0.089663251,1.538367081,0.409546769,1.084380813,0.156511807,1.045831916,0.034495841,-0.31715009,0.378867611,-0.600705032,0.393046566,0.174217921,-0.031930105,760.1654833,40.40000153,79.73740434,144,18,811,-104.49776,29.51919
cinereus,-1.939501388,1.118827047,0.477758086,-0.441194191,1.197175311,0.334772333,0.067584557,0.288350915,-0.514186543,0.760815107,0.506888227,-0.829060079,-0.856373422,0.027813166,0.96514769,0.230471974,760.1654833,40.40000153,79.73740434,144,18,811,-104.49776,29.51919
cinereus,0.687882085,-0.244331699,-0.286239084,-1.288529345,0.155517772,0.094065976,0.303004477,0.175772806,0.260857764,-0.962285573,-0.394898076,0.90679236,0.668094988,-0.803102316,0.073728044,-0.125061737,421.1285338,27.89999962,101.8502775,553,35,2450,-106.7072039,26.3522361
cinereus,0.554400541,-0.69344245,-0.145960336,-2.394946618,-0.17428243,-0.065841794,0.613411739,0.054404342,0.539092687,-0.382679611,-0.009894498,-0.270112274,0.216253445,-0.210691404,0.040663687,0.13858266,611.2016188,33.79999924,108.3367966,277,16,1434,-106.0872877,28.72566834
cinereus,1.350666123,-1.06923244,0.382999399,-0.6687469,1.229557323,-0.069657297,-0.794305206,-0.232682794,0.621930464,-0.517925247,0.098953801,0.722199472,-0.489672397,-0.303445749,-0.235201394,0.101206429,594.1220891,30.5,107.4533924,305,20,2210,-106.8165407,29.44365803
cinereus,2.872055868,1.399232111,-0.322303284,-0.619861904,0.722271559,0.781854935,-0.848663769,-0.819514115,0.33396984,-0.208864336,-0.328942969,-0.855672288,-0.309182787,-0.308485342,0.015517821,-0.209047312,557.9268498,34,64.27190694,144,28,840,-101.256541,26.531652
cinereus,3.322027733,3.057646387,10.98659861,-0.818218011,-2.421249638,-0.738878306,-1.244190205,0.17879308,-0.578492521,-0.569475939,0.014497238,0.416376815,0.424747129,0.04198246,0.052055698,-0.108915747,674.3964745,36,61.29277895,201,43,431,-101.1836,28.97925
cinereus,-0.17820649,-0.271081074,-0.256800276,-1.76805713,-0.170048991,-0.38549653,0.781425033,1.058161621,-0.125591502,0.749716301,-0.270166006,0.551261773,0.359749258,0.228209081,-0.532460675,0.361124942,358.9494315,29.60000038,105.0072884,360,12,1946,-104.7129432,24.02142991
cinereus,2.082669865,-0.183001638,0.556122347,-1.180109632,0.771212959,-1.13679908,0.31223957,-0.427699196,-0.25421569,0.3280265,-1.132884331,-0.866098733,-0.794687648,-0.896230892,-0.695527319,-0.770771667,135.0589202,26.70000076,102.5830907,765,29,2186,-99.61099011,17.55653684
cinereus,1.313407089,0.391631082,0.096985351,0.83761915,-0.183125103,0.592868392,0.847745907,-0.448359042,0.22759853,0.798458268,0.205983657,-1.122527946,0.760437099,-0.153937616,-0.659166302,0.353360998,135.0589202,26.70000076,102.5830907,765,29,2186,-99.61099011,17.55653684
cinereus,0.613941519,-1.245819224,0.346831805,2.536694792,-0.028631846,-0.456897357,-0.393186163,-0.697986393,0.20046458,-0.327015396,0.064806072,-0.039622679,0.125122834,-0.378164109,-0.318160596,0.367010636,257.1728743,31.20000076,117.4254935,646,15,1546,-103.349438,20.659538
cinereus,1.44594172,0.55665743,-0.777289254,0.615947626,-0.86381478,0.364554906,-0.431943639,0.251121899,-0.189379499,-0.613130901,-0.604147832,0.15662572,0.054167872,-0.271272951,0.073167099,0.209151497,257.1728743,31.20000076,117.4254935,646,15,1546,-103.349438,20.659538
cinereus,-0.578944228,1.107865606,0.001195872,-0.920701248,1.164111462,0.407516311,0.126831995,-0.284959073,-0.021361898,0.03850495,-0.27216969,-0.317065196,-0.708224854,-0.4068319,0.677878264,0.460717624,233.651429,25.79999924,110.918842,858,23,1622,-104.7135062,20.2718462
cinereus,-0.100942166,1.16118093,-0.096504426,0.012710083,0.075098372,0.637950683,1.652154756,-0.278660565,0.28273635,0.017810856,-0.34535822,-0.221697586,0.218452167,0.410320878,0.347689296,0.180982467,183.6307853,20.5,109.8827009,974,27,2443,-104.6912567,20.1622879
cinereus,2.018915044,1.556177518,0.365536375,-0.216336949,2.608847704,0.032887475,-0.120628006,-0.25555164,1.013650695,0.180076338,0.547221038,0.162743445,-0.086102972,-0.672245305,-0.235360479,-0.086260326,183.6307853,20.5,109.8827009,974,27,2443,-104.6912567,20.1622879
cinereus,0.976695186,0.54248238,0.352290775,0.846588978,1.602839864,-0.327102904,-0.932212931,-0.574091137,0.176031204,-0.077815069,0.746891436,-0.108735031,-0.260347264,0.208625661,-0.726883523,0.439349099,183.6307853,20.5,109.8827009,974,27,2443,-104.6912567,20.1622879
cinereus,2.158378887,1.371008725,-0.208449468,-0.388115504,2.101425711,0.3576489,-0.254076236,-1.482528684,-0.094918144,-0.627686051,0.565519889,0.464364937,0.407640839,0.4006959,-0.229571039,-0.098408712,247.7657695,30.79999924,111.6746996,754,23,1244,-104.7658111,20.5047011
cinereus,0.846803779,0.48349742,-0.685207387,0.466297924,-1.338879725,0.035674134,-0.253566037,0.502006612,-0.496114028,-0.264746339,-0.527710997,-0.331412042,0.049354888,0.012620771,-0.329544373,-0.399921013,243.2061653,31.5,118.4030365,735,17,1389,-104.4749976,21.27785606
cinereus,4.263228372,-1.063016079,-0.078499797,1.910547307,0.242832843,-1.725488103,-0.752857707,1.162875434,1.710917742,0.149596696,-1.03644104,-0.676548909,0.86611558,0.561171158,0.137906603,-0.231859599,243.2061653,31.5,118.4030365,735,17,1389,-104.4749976,21.27785606
cinereus,0.990128469,0.829197559,-0.163755859,0.626194269,0.305488605,0.556144274,0.23373765,-0.068463239,0.127345609,-0.857426729,0.29482542,-0.620063213,0.429016957,0.385711163,0.511548144,0.016559281,291.9435868,29,55.64945598,166,42,2013,-99.8910556,24.2698348
cinereus,0.006782256,0.246957617,-0.451795019,0.750219461,-0.622285115,0.801984186,-0.293731875,-0.101577394,-0.196513987,-1.561405051,0.725419337,-0.935764326,-0.406065607,-0.696428223,1.066150735,-0.175175598,278.4113514,27.89999962,56.99458592,164,42,2160,-99.96028,24.07394
cinereus,3.127844948,0.744219882,-0.757515994,0.666696605,-0.672342644,0.343010579,-0.883839631,-0.759368872,0.52995612,-0.787915005,-0.859159804,-0.207733848,1.01702774,-0.215590485,-0.240060656,0.585968231,152.3670478,30.10000038,91.21803434,341,15,1538,-96.71323,17.05423
cinereus,1.56074686,0.680189179,0.5731102,1.858718648,0.597334006,-0.071028228,0.609289107,1.774938525,-0.297716548,0.698947932,-0.966013336,-0.081200665,-1.99094391,1.742488395,-0.292566779,0.410545289,152.3670478,30.10000038,91.21803434,341,15,1538,-96.71323,17.05423
cinereus,1.657526048,0.53880394,-0.065866348,-0.340138531,-0.520517825,1.434470202,1.208922474,-0.16814793,-0.372803814,0.419789229,-1.19335255,-0.056059002,0.432466444,-0.025828279,0.06859483,-0.129852889,152.3670478,30.10000038,91.21803434,341,15,1538,-96.71323,17.05423
cinereus,3.644030493,-0.329717867,-0.057380157,-0.478484721,0.661569305,-0.933654614,0.99446017,-0.557029777,-1.939872923,0.555487033,-0.197452915,-0.096360159,0.022203933,-0.284984166,0.00303815,0.076315737,678.6822992,39.40000153,61.03070928,59,4,310,-113.4386424,31.56231098
cinereus,2.497533824,1.016872143,-0.064350179,1.02090933,0.880222762,0.287014213,-0.760992225,-1.054862494,0.671649799,0.883556548,0.167573757,0.414082337,0.060415666,0.516004659,-0.297012264,-0.103392524,634.781517,36.90000153,94.74128945,267,26,959,-110.856896,30.900964
cinereus,-0.701568312,0.040017433,-0.005555909,0.180338362,0.608967633,0.525244381,-0.118141262,-1.016157177,-0.401433546,1.370410014,0.143393594,0.235380256,-0.245780963,-0.287636588,-0.457909407,-0.726756731,506.5098824,36.40000153,65.93065019,271,60,227,-98.836301,24.266949
cinereus,0.266450277,-2.132306742,0.646779059,1.829837756,0.014915796,0.042257664,0.841320199,-0.97922057,-0.352706077,0.573504225,0.251069216,0.663202507,-0.211096499,-0.969713653,-0.142361944,0.382491919,504.4010893,34.40000153,58.61474995,298,82,12,-97.56404212,25.83997981
cinereus,1.291903217,0.400631618,0.201114151,0.039753604,0.854084236,1.255283428,-0.378708329,-1.559686913,0.684609073,0.016148237,-0.505904903,-0.214132001,0.221224148,0.058707138,0.306555741,-0.21940528,192.5290208,24.20000076,80.06203282,640,88,2029,-98.3791667,20.4316667
cinereus,2.886347174,-1.15509837,0.146772265,0.636673784,-0.324377578,0.961030477,-1.002569706,-0.828509741,0.090719638,1.434198785,-0.191207351,0.860440721,0.011642458,0.324980249,0.106866966,-0.115525701,483.4526965,33.09999847,50.03313958,532,171,39,-81.54361,28.62444
cinereus,1.532713284,-0.990631763,-0.072151013,-0.250499521,-1.026646587,0.204037282,-1.184137921,-1.424267466,-0.043935885,1.55136585,-0.146165585,-0.001238095,-0.13438127,0.365797604,0.374079088,0.329406696,626.211561,33.90000153,29.26769528,567,297,15,-85.9019606,30.27420366
cinereus,3.118792118,0.872970931,-0.633488847,0.834658506,1.060879666,-0.950481728,0.551616726,-0.173044446,0.03159657,-0.997256699,-0.739924054,1.203152082,0.621774827,0.163508456,0.228847474,-0.264043978,629.6937419,33.90000153,25.16065102,470,256,83,-84.19106303,30.70361884
cinereus,1.809776473,0.944909682,-0.490204652,0.84069463,-0.330155319,1.078425897,-0.248949093,-0.151592214,-0.533676747,0.091312751,0.918450149,0.781847388,0.080026856,0.697093855,-0.260593875,0.250612159,649.0879392,33.70000076,35.68625117,474,215,2,-81.03138475,32.07293897
cinereus,2.675078517,-0.897464604,0.366818542,0.087668175,-0.468733923,-0.661580712,2.000597093,0.165624969,-0.6126608,-0.189767101,0.10852626,-0.258594078,-0.114753741,-0.55677222,0.321817232,0.242509252,1010.708566,28,25.3799878,303,156,220,-86.616667,41.05
cinereus,3.370463699,-1.317916006,0.281074292,-0.429678646,0.840411117,-0.778944589,-0.213175914,-0.370956085,-0.244377976,0.128592019,1.007028713,0.016980771,-0.078624485,-0.058315648,0.028856423,0.003629116,1003.284275,28.60000038,24.81450771,302,167,215,-86.916667,40.3
cinereus,4.041855867,-0.020982871,-0.548607698,-0.903439339,-0.83227019,0.63767027,-0.268935707,0.398217765,-0.767532846,0.369181035,0.234169453,0.115588624,0.788766403,0.274255372,0.19697762,-0.268718469,1008.171441,28.70000076,25.89485173,296,159,165,-86.9,40.4166667
cinereus,1.762404629,-1.062323651,-0.141610621,-0.830312114,-0.420404198,-1.836244488,-0.143162796,-0.540078905,-0.245248295,0.068800967,0.082609332,-0.432347236,-0.181169973,0.291429569,-0.085365651,0.457606999,1015.682608,32.09999847,44.33673752,373,103,253,-95.20112106,38.97160622
cinereus,1.082063137,-0.295822068,-0.132992892,-0.301056462,-0.590893891,0.207688709,-1.026453902,-0.826477779,0.859158383,1.306100329,0.621370222,-0.358099399,0.337760872,-0.399456736,0.815221458,-0.394953153,826.785474,30.89999962,12.41047003,357,275,350,-83.71667,36.60833
cinereus,4.201627147,0.404007011,-0.322621542,-0.910993666,-1.09554519,1.079291262,0.303309149,0.272923211,-0.029051552,-0.206367775,-0.699298333,-0.693318331,-0.272039246,0.845335835,-0.348751461,-0.012442381,1094.93464,21.20000076,22.33522013,338,188,484,-70.215303,45.937001
cinereus,1.995844233,0.985962554,-0.116421194,0.69977445,-0.336542602,0.311211985,0.862277492,-0.207171098,-0.027393451,0.994327063,-0.420335783,-0.270720656,0.067290084,-0.368248897,0.184043692,0.032036221,870.6592563,30.20000076,11.57316653,304,237,87,-76.93482616,38.85822381
cinereus,5.148378975,1.258145716,-0.854159917,-0.287873395,0.420848201,-1.137544243,-0.794417507,0.639384948,0.534702598,0.293579522,0.050368103,0.090663672,-0.1838861,0.596840716,0.385770615,0.056923071,883.3094581,30,12.28725275,296,220,149,-77.2588621,39.17939592
cinereus,1.862299636,0.145465048,0.073400565,-0.749400364,-1.148580652,0.765070789,0.619822568,-0.626889593,-0.391417514,-0.695439342,-0.152311966,-0.761870547,-0.068911137,0.145596448,0.272486913,0.284380106,921.6298067,26.39999962,9.738565086,355,289,357,-74.00675,41.312753
cinereus,3.091359636,-0.029542096,-0.516886892,-0.591681781,-1.660180793,1.087893765,0.112948574,0.038094929,0.777201877,0.141774765,-0.13344438,0.176983743,-0.304814146,-0.15902256,0.090752059,0.261675519,951.2204082,28.29999924,13.47378787,322,231,57,-73.93154225,41.67268705
cinereus,3.33380299,0.656970383,-0.718555342,1.146578538,0.073886635,-0.667889683,0.54549269,0.667197076,-1.435867799,0.018607241,0.419923915,0.567288764,0.683891699,-1.038995314,0.38928776,0.0193506,951.2204082,28.29999924,13.47378787,322,231,57,-73.93154225,41.67268705
cinereus,4.105870272,-0.594442567,-0.041308757,0.546913414,0.190192544,0.715172668,-0.86069814,0.610525233,-1.36254081,0.226703719,0.164624001,-0.050513595,-0.060138038,-0.271158022,-0.479984941,0.264354478,917.1716259,23.10000038,20.61854782,328,201,732,-78.179243,41.881002
cinereus,2.148649958,1.335412196,-0.860572729,-0.301254161,-1.077755585,0.253245013,-0.545553261,0.286610653,-1.163406412,0.086101523,-0.175432095,-0.247242372,-0.168271948,-0.82618947,-0.02856627,-0.380494977,917.1716259,23.10000038,20.61854782,328,201,732,-78.179243,41.881002
cinereus,-3.32E-05,0.420326141,0.209803534,-1.56993194,1.922531238,-1.398618028,-0.843176003,-0.644199757,0.3996548,0.02406232,-0.76248248,-0.559357512,-0.536702521,0.450451562,-0.158372541,-0.443746258,874.5947125,30.39999962,11.07257589,293,230,86,-77.10764167,38.88697127
cinereus,2.403445088,0.946338579,-0.056919806,0.718891392,0.286885827,1.033169385,0.250709881,0.61881585,0.232979823,0.712322157,0.47997047,-0.299679303,0.119801376,0.541729557,-0.32224676,-0.420879127,782.4533852,32.09999847,17.33894586,382,264,20,-76.52394198,36.62017972
cinereus,-0.738849925,0.098184226,0.055943763,-0.097719905,0.74588579,-0.440525596,0.873869907,0.337864779,0.846021334,0.331332305,-0.198635148,0.117822748,1.191269715,0.291560162,0.212696195,0.400794345,879.8915202,30.70000076,11.50576474,290,226,24,-77.11535585,38.93031819
cinereus,2.602506152,1.010006512,-0.369979618,-0.526157591,0.257702248,0.865207558,-0.580801613,-0.080859393,-0.128690815,0.522867946,0.026471532,-0.411541187,0.237198822,0.54574265,-0.219802946,-0.358306755,879.8915202,30.70000076,11.50576474,290,226,24,-77.11535585,38.93031819
cinereus,3.158602168,-2.002324785,-0.161600186,0.396731811,-0.817648177,0.106595301,-0.044967724,0.204552712,-0.084558665,-1.501856364,0.035053563,0.222817803,-0.495259434,-0.253035638,0.01421887,-0.375624087,959.68853,23.5,75.68923126,214,32,1047,-114.0833333,51.05
cinereus,3.868126257,-1.214904284,-0.239028422,-0.883882078,-0.354101803,-0.498774547,0.042459685,-0.720190626,-0.028259754,-0.372450185,-0.309709361,0.304361064,-0.089263054,-0.326372949,-0.478426378,0.074818108,864.0983166,22.5,20.32760935,152,91,706,-119.3166667,50.28333333
cinereus,4.03179647,-0.695923485,-0.380803,0.387174594,-0.681734278,0.008536813,0.380691552,-0.523854792,-0.486006187,-0.309864619,-0.768577513,0.775524171,-0.128872139,-0.264140481,-0.114998781,-0.012962772,864.0983166,22.5,20.32760935,152,91,706,-119.3166667,50.28333333
cinereus,1.350217089,0.060993972,-0.306858595,0.041985084,-0.415378236,-0.191505469,1.072654999,1.238681026,0.641926944,-0.236971778,0.260805533,-0.150599981,0.689922355,0.416016195,0.035467664,-0.529667695,1104.456802,19.39999962,29.83646066,273,122,283,-87.92098,48.77121
cinereus,3.395111969,-1.25243551,0.010348056,0.15193328,-0.697880842,-0.188513741,0.221104716,-0.146352135,1.573942115,-0.537759749,0.029607282,0.751937633,-0.237181131,0.778015626,0.028096942,-0.334505835,961.6986012,24.89999962,16.23208186,238,156,119,-79.3833333,43.6666667
cinereus,4.076936468,-0.772223593,-0.54810509,1.33204017,-0.898270205,-0.207975352,0.275757503,0.113594841,-1.158497079,0.109470684,0.763443882,0.930709031,-0.382658714,0.583869758,-0.032411023,0.022130697,961.6986012,24.89999962,16.23208186,238,156,119,-79.3833333,43.6666667
cinereus,3.51429516,-0.334502666,-0.46913312,-0.153697022,-0.886949443,-0.452657792,-0.016152727,-0.513676491,-0.152601596,0.320831231,-0.063556308,-0.048046462,0.640115899,-0.290072545,0.175121538,-0.047109997,1175.392509,22.5,36.48322459,257,100,213,-89.25924,48.42974
cinereus,-0.225636876,-1.068537515,0.228999123,0.334340107,-0.842986823,0.046096302,-0.012231851,0.97178086,1.216780739,-0.29564589,-0.012126914,0.253264596,-0.773231938,-0.3519139,-0.283954409,0.092730405,1058.405378,23,15.78579517,304,201,216,-79.37077,44.67398
cinereus,4.996622219,-1.252719191,-0.057159267,0.776502995,0.114976058,-0.65269079,0.367910297,0.234032919,-1.012217856,0.04252692,0.713701624,0.444707441,-0.634859558,-0.151027472,-0.250445108,0.342408416,993.7665527,25,16.83209086,245,158,181,-79.4333333,43.7
cinereus,2.68526393,-2.696089091,0.560325401,0.68039905,-0.842222678,-0.900308122,0.969718021,-0.989239983,1.140493896,0.136421247,1.867490116,-0.206450454,-0.615360415,0.648902133,1.135811675,-0.409587892,1314.950963,21.39999962,60.01328919,211,49,513,-105.8833333,53.5666667
cinereus,1.046111078,3.213378295,-1.086886111,0.605205916,0.163920268,-3.471781512,0.213214349,0.638641332,-0.137305111,0.631743026,0.446938603,-0.149905971,0.267040997,-0.123637107,-0.16065454,-0.116757816,716.6952516,34.29999924,21.36668422,426,267,48,-86.64425013,32.42969734
cinereus,-0.01716737,-0.33836022,0.168265834,0.464098697,-0.01794955,0.285383168,0.468056146,0.082283267,-0.042923673,-0.09664617,-0.013399111,-0.041086507,-0.324792078,0.059524089,-0.182620649,0.07891692,710.4974519,35,48.22926547,162,35,1171,-112.568,34.3102
cinereus,-0.489327845,-0.204675115,0.245208724,1.381997206,-0.476982124,0.126436359,0.274929921,-0.085526783,-0.177045859,-0.00118392,0.116057948,0.216385679,-0.544107783,0.004186791,-0.730082574,-0.089986051,670.2830337,30.29999924,72.38318446,246,36,1671,-109.2060203,31.883903
cinereus,1.321518357,0.224857282,0.044629671,-0.124500194,-0.549369242,0.801459602,0.928249893,-0.678401869,0.57104078,0.012993783,-0.562534503,0.412347404,0.316328701,-0.084920685,0.833501383,0.591956596,670.2830337,30.29999924,72.38318446,246,36,1671,-109.2060203,31.883903
cinereus,3.002763752,0.946100835,-0.75326803,-0.49540448,0.433537588,1.168937646,-1.051602838,0.297073451,-1.340418227,-0.674444159,-0.052177753,-0.761318034,-0.277418401,0.006316823,0.140915228,-0.028876944,668.3029253,30,72.11237014,249,36,1754,-109.181275,31.88435417
cinereus,1.392021177,-0.407903105,-0.105483763,0.165008451,-0.177606068,0.191513886,1.337590334,-0.116881468,0.242290019,-1.166761726,-0.543240629,-0.052851806,0.357868067,-0.132575126,-0.269216344,-0.603382897,701.1111202,33,72.33076568,209,29,1462,-109.15,31.91666667
cinereus,1.316117729,1.001212478,-0.698091238,-0.236158217,-0.496871732,-0.622787764,0.209210151,0.306594293,-0.875980003,-0.128784674,0.055593633,0.362121431,0.036351138,0.105519892,0.036834979,0.143720981,689.539808,32.29999924,73.03581462,222,30,1594,-109.15,31.9
cinereus,1.399487805,-0.356153046,-0.185906567,-0.876219871,-0.328062982,-0.180336476,0.338922406,-0.021087824,0.142383797,-0.423014951,0.159460366,-0.703309905,0.568744552,-0.454696004,-0.070213325,0.156341821,383.3116796,25.20000076,93.24372622,434,10,164,-122.3028711,37.93558061
cinereus,2.17216686,-1.564968804,0.313450223,0.126522347,0.647600334,-0.532162992,-0.133368464,-0.669497497,-0.089875265,-1.106425684,-0.078342746,-0.514869827,-0.122068249,-0.292236217,0.138402003,0.018569742,513.5194902,29,91.78460245,255,6,44,-122.0049942,37.97650292
cinereus,3.190502018,-0.671248235,-0.107061414,-1.356763845,0.028971598,-0.220952425,0.44679056,0.401631521,-0.200361577,0.290272228,0.241210133,-0.417673419,-0.156299311,0.291653576,-0.188416929,-0.189645365,382.1953688,24.70000076,92.44061438,421,10,217,-122.2659733,37.91381773
cinereus,2.320623045,-0.456898936,-0.008809506,-2.224284861,0.884389546,-0.160290778,0.320192197,-0.32054264,-0.432418627,-0.41618197,0.690352157,0.113622475,-0.06501966,0.291406156,-0.137246613,0.138462427,361.9274502,25.5,94.00730683,392,8,2,-122.3246394,37.91586013
cinereus,1.052683311,-0.30107967,-0.266481695,-1.098215346,-0.50310548,-0.138408871,-0.048277344,0.857805884,0.515610044,0.234408959,0.079858447,0.144317295,0.052019021,0.145580556,-0.469437387,0.169364339,499.6407876,28.60000038,91.46810767,259,6,15,-122.051741,37.95019544
cinereus,3.569256938,-0.464622936,-0.510956407,-1.177480985,0.383394073,-1.05473923,-0.084577664,1.385946667,-0.71995259,-0.254204766,0.318075301,-0.690394279,-0.33101579,-0.227484608,0.173896828,-0.32663317,538.8474822,28.79999924,90.10176755,206,6,24,-121.8600653,38.00029073
cinereus,0.533450392,1.290930367,-0.88799408,0.243107962,-1.432241942,-0.308825111,-0.414183782,-0.287235515,0.1197085,0.172207599,0.107490786,0.443960503,0.262682284,0.298605868,0.106616434,-0.223265911,795.1514874,36.20000076,64.68740303,158,30,1031,-103.4154284,32.33769031
cinereus,0.432513349,0.492563538,0.055454157,-0.813658279,-0.070812721,-0.371761204,0.637253971,0.895379218,-0.01335058,0.680354627,0.236707425,-0.05111415,-0.062009183,-0.435865898,-0.201935371,0.647230963,730.0003929,32.79999924,60.02729812,191,38,1667,-108.9166667,33.5
cinereus,0.667099458,0.245910242,-1.005603375,-1.029583856,-1.360459632,0.337935094,0.064770242,-0.255505704,-0.135421248,-0.540612978,-0.388304178,0.531968695,0.364891147,0.167498156,-0.162789392,0.030442285,730.0003929,32.79999924,60.02729812,191,38,1667,-108.9166667,33.5
cinereus,0.005294402,-0.754632802,-0.195784326,0.545764119,-0.923665667,-0.537217472,-0.464753766,-0.045493005,0.923772125,0.423167638,0.452262216,0.970077477,0.053200476,0.02477128,-0.653142514,-0.172278776,730.0003929,32.79999924,60.02729812,191,38,1667,-108.9166667,33.5
cinereus,1.41560616,-0.209305833,-0.48087587,-0.538531807,-0.970121292,0.022470439,-0.263761312,-0.185503341,0.625362528,-0.568471494,0.096799638,0.084920534,-0.117631481,-0.281907953,0.417564643,0.007126849,684.1246086,33.79999924,76.95363342,196,26,1376,-109.0333333,31.36666667
cinereus,4.204739362,-1.338789572,0.899197766,0.112061416,2.015657829,0.203446067,0.2938291,0.360438897,0.978740761,-0.438564983,-0.027708938,-0.325273712,0.931702926,-0.383394691,-0.536323098,0.404017819,587.0385099,31.60000038,69.7351898,201,34,1435,-103.2585862,29.22704666
cinereus,3.625531554,-1.223530759,0.098041588,-0.730311545,0.47204976,0.548573033,0.246326467,-0.504331732,0.191580897,-0.606333089,-0.425423213,0.284593338,0.105071879,0.070141761,0.161592293,0.326165041,587.0385099,31.60000038,69.7351898,201,34,1435,-103.2585862,29.22704666
cinereus,0.101254712,0.53444596,-0.072927626,-3.171121192,0.147565622,-0.515667996,0.376156388,1.121907977,0.75748139,0.444813661,0.871854759,-0.954481956,-0.633679994,-0.132223353,-0.066116557,0.508873631,878.1005728,24.5,20.27943321,153,88,1941,-111.8561383,41.45364401
semotus,-4.823815739,-2.331640767,0.789724463,0.306124878,-0.566016715,-0.16216946,0.323865068,0.283646744,0.637126626,1.494777741,-0.0630323,0.020907023,0.119467972,-1.012968261,0.15711335,-0.100368054,127.2159403,27.39999962,56.32848883,677,267,322,-155.574148,20.115735
semotus,-1.380128571,-0.874690013,0.044329698,-0.769174601,0.506646479,0.584718533,-0.990356955,0.582401163,-0.301504796,0.668888373,-0.319677913,0.705815238,0.505573059,0.095192483,0.509984458,0.297228055,126.7244756,25,49.08463033,639,241,843,-155.65886,20.02559
semotus,-1.688304778,-0.776402417,0.395775359,-0.104561014,1.475453838,-0.350988744,-0.181378479,0.38313719,-1.01904557,0.584798681,-0.221335053,0.567843023,0.44951366,-0.452329016,0.065775943,-0.196560139,127.0349583,27.60000038,29.73546818,621,404,25,-155.6032654,20.09997956
semotus,-2.678871663,-1.341890527,0.550849076,-0.461286666,1.365752641,-0.797807428,0.539968555,0.049193393,-0.514412805,0.038599625,-0.482879078,0.407177712,0.320581712,0.532551027,0.27625583,-0.106822394,112.9527854,29.29999924,34.40447283,374,223,49,-155.9054318,19.42191492
semotus,-1.776719621,-2.532104592,0.360315338,-0.683115044,0.010039167,-1.23667209,-0.126558422,0.34326249,-0.541641438,0.066852746,0.449107988,-0.357423025,-0.469301346,0.124814702,-0.378331013,-0.306721762,125.7432619,28.60000038,43.79938083,730,251,27,-155.598459,20.10797416
semotus,-2.16272763,-1.162959408,0.036112833,0.080866839,0.564760223,0.2730677,-1.394641427,0.531389906,-0.228201779,0.044949595,-0.424949044,1.154035114,-0.874193566,0.350968076,0.630762782,-0.240525394,125.7432619,28.60000038,43.79938083,730,251,27,-155.598459,20.10797416
semotus,-6.441647056,-0.302762069,0.711566056,-0.726828089,1.67008274,0.658820742,0.793191962,0.115613571,-0.138727409,-1.051350031,-0.251525203,0.081018101,0.34266334,0.059345666,0.391403589,-0.671232692,124.8901179,26.10000038,44.87337907,608,300,706,-155.8347201,19.79369562
semotus,-2.77047999,-1.59837129,0.403446005,0.284624212,1.260289373,-0.339748351,0.001293089,0.128393835,-0.866740822,-0.312902901,-0.117987151,0.424734269,0.329820237,0.834459715,0.009846306,-0.227920935,124.8901179,26.10000038,44.87337907,608,300,706,-155.8347201,19.79369562
semotus,-4.878029746,-0.991272949,0.457078356,0.782194827,0.446655405,-0.147600685,-0.085265845,0.25206437,0.81797671,-1.16266019,-0.238274022,-0.246460704,0.494409223,0.581641002,-0.221581918,-0.209141944,126.7087859,27.5,50.12278135,661,234,396,-155.591387,20.11355539
semotus,-2.268011543,-1.713193313,0.439887955,-0.914580319,0.595735359,0.550732147,0.120413873,-0.073263983,-0.677721454,0.534455152,0.160834506,0.433442458,0.308450603,0.177327299,0.542558516,-0.23607708,125.7763433,28.79999924,39.11232818,761,380,10,-155.6077248,20.10972486
semotus,-3.433281144,-3.02221413,0.647752036,1.37979573,1.233141606,-0.708686371,-1.875041856,-0.040566336,-0.908147826,-0.41950208,-1.193405635,-0.65282598,-0.262806118,0.169948637,1.024136509,0.713205363,127.7396814,17.70000076,40.02836842,299,133,2214,-155.4921382,19.6250643
semotus,-3.025738605,-0.457886723,0.203535386,1.082405405,1.018802206,0.287884014,-1.040018078,1.025855274,-0.609770261,0.031890239,-0.06641074,-1.368284405,0.499262927,-0.394847139,-0.490389234,-0.308282267,107.0754689,28.5,38.47283119,1167,588,65,-155.0220287,19.34574145
semotus,-4.202469772,-0.267002612,0.103401886,0.937832162,0.770364993,0.047901628,-1.170992679,0.847570542,0.677285446,0.321623691,0.620953001,-0.50166743,1.147077059,-0.461117225,0.049227561,-0.374778518,129.3134564,16,42.33367468,273,114,2642,-155.4673597,19.57799507
semotus,-0.018098323,-1.658042539,0.231753687,-0.126968369,-0.269104248,0.766802205,-0.475537784,0.118887907,0.080973796,0.42314927,-0.945575257,-0.171834664,-0.515479227,0.044612404,-0.265599846,-0.171840828,183.45176,22,29.36913082,788,437,1349,-159.5243593,22.0835957
semotus,-3.175060857,0.764597937,-0.052300417,0.159470324,1.22848096,-0.810474876,-0.302214122,0.307632289,-0.984149528,0.242938577,-0.529538014,0.516388646,-0.074765356,-0.263217415,0.804142997,0.251630847,183.45176,22,29.36913082,788,437,1349,-159.5243593,22.0835957
semotus,-1.690070004,-1.370534438,0.177534477,1.315227623,-0.479700803,0.934839354,-0.300416503,0.30441239,-0.433344145,0.267045863,-0.002421754,-0.305602981,0.656667719,0.453875015,0.336528987,-0.225373784,183.45176,22,29.36913082,788,437,1349,-159.5243593,22.0835957
semotus,-2.939233461,-1.391965866,0.217789383,0.853380025,-0.580785457,0.691162841,-0.289902955,0.346593306,0.698491065,0.284290342,0.583828387,-0.004771984,-0.470359225,-0.033676352,0.018895951,-0.498043116,161.1623248,28.79999924,41.25048225,285,127,58,-159.658182,21.96488662
villosissimus,-2.440330773,2.365927192,-0.222493751,1.113238009,0.210140647,0.327821076,0.962492233,-1.014487683,-0.674728076,-0.154967327,-0.163294464,0.492109833,-0.229008069,0.167534673,0.189697698,-0.167914688,485.739832,28.79999924,25.13374692,330,175,26,-58.55988709,-34.54954329
villosissimus,-1.230024458,1.78958607,-1.71861251,0.262257922,-1.16556398,-2.238278726,-1.323489398,1.08909736,-0.249868447,-0.047448232,0.605635274,1.02666314,-0.166792765,-0.321016605,0.151244985,-0.40351241,486.6589567,28.10000038,21.80125396,337,198,28,-58.45355667,-34.6189117
villosissimus,-6.416673324,1.925829575,0.49404617,0.707724549,0.812846256,-1.339625622,2.085509985,-0.036348895,0.158389383,-0.892499191,0.739887066,-0.261568055,0.566919521,1.001846913,0.392184651,0.2347915,490.198615,28.5,23.52204046,341,190,21,-58.483334,-34.633331
villosissimus,-2.322761552,0.863155982,0.158007719,-1.546598965,0.565471432,-0.158332865,1.390675525,-0.495997872,-0.491844486,0.838110806,0.038599259,0.30647721,0.536788756,0.021853105,0.120026274,-0.307451644,473.2423638,23.5,62.00697277,471,109,316,-71.5397,-41.9658
villosissimus,-1.501751403,1.109034523,-0.316394857,0.914372975,-0.12091824,0.483586631,-0.856895119,-0.930296569,0.25221095,-0.402963655,0.380355007,-0.610138702,-0.182052436,-0.101523219,-0.416338259,0.196457986,461.9589419,27.29999924,9.000859714,272,236,77,-56.21666667,-34.73333333
villosissimus,-1.20070921,1.283170206,-0.777132557,-0.275549473,-0.763796441,0.369289661,-0.461971589,0.314465842,0.058384664,-0.270594207,0.388052126,0.124807869,-0.00640858,-0.34207533,-0.114969177,0.156914207,456.1814283,26.89999962,8.707701533,257,227,40,-56.1166667,-34.85
villosissimus,-4.610783171,0.350279478,-0.496057302,-2.385968483,-1.493264255,1.430040241,0.151797028,0.272866731,0.440639251,-0.831770267,0.107327573,0.114259245,-0.827483846,0.033757286,-0.01848301,-0.365867619,456.1814283,26.89999962,8.707701533,257,227,40,-56.1166667,-34.85
villosissimus,-1.203936765,1.213631312,-0.690999021,-0.106984797,-0.677676802,0.747742405,-0.27392312,0.388678117,-0.000791083,-0.638318782,0.12967937,0.237345349,-0.852919832,-0.169545462,0.465699389,-0.565888713,458.3559358,26.70000076,9.283544921,253,214,26,-56.18333333,-34.88333333
villosissimus,-2.251979455,1.430125728,0.145206907,1.990144725,0.538604975,0.099328816,-0.196498159,-0.758080779,-0.143498327,0.355672697,0.282149373,0.095115703,-0.097053577,-0.221471133,-0.410250982,-0.138631837,478.9767892,28.5,13.36279969,333,251,88,-57.1,-34.2
villosissimus,-2.375891791,0.493934362,-0.026754173,0.80408817,-0.248640772,0.409035497,0.377450781,-0.472013888,-1.492749461,0.391626562,-0.461641689,-0.963272767,-0.66918349,0.235498462,0.114912112,-0.167257605,315.5091415,24.5,114.9130891,43,0,880,-70.53333333,-30.01666667
villosissimus,-7.573627858,-1.169066385,-0.416091137,-2.131500483,-0.906913122,-0.406221894,-0.76603502,-2.800498988,-0.877779879,0.337314931,0.653469102,0.061599053,1.076708912,0.864207639,-0.374347714,0.183570868,322.0883593,26.39999962,118.3100889,265,1,88,-71.27018232,-32.99916169
villosissimus,-1.499460307,0.204803444,-0.735022254,-0.42542471,-0.700241271,-0.701124736,-1.427316952,0.018652279,-0.172697359,-0.962484165,-0.19973108,0.709463853,-0.539213265,0.253291527,0.355691941,0.259630206,469.2859967,29.29999924,107.0595679,246,7,451,-70.80903616,-33.50099893
villosissimus,-2.465435724,-0.531196518,0.414319451,-0.200296336,0.093474636,-0.630957162,0.59761722,-0.165249791,0.350197915,0.563937822,-0.120293311,0.308245382,0.020361082,-0.194100956,-0.501486633,0.156571671,289.7830944,25.10000038,118.4478875,279,3,144,-71.43430128,-33.05079137
villosissimus,-3.279775996,-0.839013369,0.005527273,-0.6433429,-0.533346601,-0.562627575,0.251141198,0.484998399,0.322210116,0.172047983,-0.317444723,0.067780722,-0.341468502,-0.144991041,-0.428295059,0.041392842,477.5527426,29,104.2540435,261,8,549,-70.6421998,-33.4612531
villosissimus,-3.230527964,0.200266358,-0.105005969,-1.156950286,-0.136837258,-0.539812406,0.433721412,0.351749162,-0.113732581,0.358517516,-0.398978443,0.145908591,-0.135147372,-0.098898089,-0.518659136,-0.212670525,477.5527426,29,104.2540435,261,8,549,-70.6421998,-33.4612531
villosissimus,-2.900964797,0.214852325,0.031576451,0.825597484,-0.508193144,0.3694506,-0.079395222,-0.454351408,0.685807743,-0.093521349,-0.410227283,0.342117738,-0.335993478,0.03449077,-0.767023874,-0.230383409,94.3237518,27.20000076,41.26083128,1465,548,1144,-70.71666667,-13.4
villosissimus,-3.43800328,0.774260855,-0.413324253,-1.228297873,0.894241396,-1.30316767,-1.58848973,0.136068439,-0.519330621,-0.27542213,-0.541342998,-0.113402758,-0.229907928,0.070961688,-0.161932184,0.166721291,31.43957164,18.5,46.72046757,623,256,2586,-74.075833,4.598056
villosissimus,-2.638439506,-0.864950662,0.336187078,0.308012814,-0.676752513,-0.018570352,-0.46669612,1.032139246,0.456858161,0.214137161,-0.392698533,-0.764355092,-0.329004955,-0.217484146,0.524206154,0.30001761,32.98300415,22.39999962,48.48959562,580,139,1886,-73.923611,4.529722
villosissimus,-5.91617621,1.22529761,0.332602156,0.792840179,-0.770372023,0.395202327,0.563827222,-0.231350543,0.673472099,-0.119988415,0.133333202,-0.057122179,-0.880332227,-0.953384255,0.193720381,-0.213609084,50.06812682,32.79999924,48.0858116,981,318,246,-74.75,5.2
villosissimus,-3.308430333,1.411195298,-0.550230754,-0.414567003,0.309274538,-0.219992091,-0.944605035,0.267429392,0.712418453,-1.767549758,0.073211229,0.594521912,0.206625597,-0.206129228,-0.333800577,0.575690081,363.0729628,31.60000038,27.01528997,475,238,167,-56.95810326,-25.66918381
villosissimus,-1.535439166,0.661200428,-0.520227728,0.934556482,-1.574077911,-0.304889238,-1.229506983,1.220968888,-0.634023449,0.859180653,0.646725539,-0.966341562,0.937992734,0.318870594,0.204556093,0.521470193,82.11226248,25.39999962,54.84317328,415,80,1331,-66.97208794,10.45418131
villosissimus,-2.507481538,0.791787783,-0.872684081,-0.370683491,-1.043548312,-1.233320174,0.12896594,-0.124032545,0.158556731,0.206853234,-1.642763325,0.02914356,0.348248134,-0.168162333,0.254370396,0.035721028,81.25320637,23,47.00294097,367,86,1819,-66.88505144,10.53481787
villosissimus,-5.878388495,-0.043030996,-0.108617435,0.950041568,-0.527120704,0.282273308,-0.367386448,0.570191743,-0.647719266,0.144613588,-0.957549641,-0.488827918,0.687725518,-0.036068431,-0.56149791,-0.145999771,81.25320637,23,47.00294097,367,86,1819,-66.88505144,10.53481787
villosissimus,-3.090681306,1.159868917,-0.181975529,1.676358129,-0.708894512,0.06035162,1.072846483,-0.36144085,0.020852145,-0.123549446,-0.435219225,0.676254248,-0.576815813,0.143951988,0.119975079,0.379599819,81.25320637,23,47.00294097,367,86,1819,-66.88505144,10.53481787
villosissimus,-4.328741442,-0.207310744,0.012558646,0.780957458,-1.255486703,0.101316824,0.695411834,-0.170249704,0.360387501,0.244642343,-0.542917898,-0.475363186,-0.021302996,0.362192141,-0.241043457,-0.034645218,82.77388764,25.89999962,55.8140519,438,81,1220,-66.95217108,10.53717677
villosissimus,-5.108741346,1.275316229,-0.165387343,0.818695836,-0.582566404,-0.578710133,0.305401876,0.124880767,0.659497957,0.193734978,0.151884902,0.526344798,-0.528825765,-0.402917649,-0.214866253,0.850784894,97.42905375,33.70000076,68.07311345,271,36,35,-70.6175761,11.16687056
villosissimus,-2.715186921,-0.274209571,-0.148640515,-0.3647031,-0.385300739,-0.683174258,-0.468932951,0.495080174,0.956333626,-0.326941253,0.78784143,0.388489903,-0.256882734,-0.212391783,-0.117719734,-0.046664206,183.7668692,29.70000076,85.88128633,144,22,18,-90.31752089,-0.751483265
villosissimus,-2.652427572,-0.169404079,-0.647160011,-0.789495156,-0.50377592,-0.143525112,-0.546915775,0.144155133,-0.241714023,-0.2312346,0.20555101,0.458351507,0.759789234,0.228565,0.000539069,-0.186955152,183.7668692,29.70000076,85.88128633,144,22,18,-90.31752089,-0.751483265
villosissimus,-3.506683158,-0.749573248,0.235162014,-1.764349358,0.12312172,-0.005053857,0.094518795,-0.005888844,0.850983957,0.530181517,-0.561774342,0.683381638,-0.33354132,-0.026441052,0.011443294,0.270134624,157.4079811,30.20000076,103.9381579,113,5,24,-90.50765146,-0.54824213
villosissimus,-2.850231184,-1.054948994,0.516162613,-0.914882704,0.928366596,4.670160255,-0.025133447,2.685817634,-0.898078625,0.015278829,0.900495179,0.968691226,0.615833219,-0.044698191,-0.315589059,0.359563623,171.1923382,26.10000038,72.39082879,174,32,688,-90.337189,-0.639359
villosissimus,-2.627275333,0.615237498,-0.618863754,-0.854316717,-1.061301771,-0.40268556,-0.398589922,0.072112881,0.739848012,0.361673305,0.638488709,-0.677291725,0.172953367,0.546843053,-0.00627816,-0.179050991,171.1923382,26.10000038,72.39082879,174,32,688,-90.337189,-0.639359
villosissimus,-3.554382797,1.669554022,-0.656332183,-0.422070456,-0.87552037,0.523012109,-0.226683422,-1.132228387,-0.13510063,0.470635951,0.176211013,-0.312057945,0.290074517,0.089678491,0.281895676,0.17005874,171.1923382,26.10000038,72.39082879,174,32,688,-90.337189,-0.639359
villosissimus,-6.961543132,-1.821412029,0.423804026,1.053260485,-0.811388892,-0.721881313,1.165844538,-1.10780094,-1.59200463,-1.439933296,1.17355103,-0.703396326,-0.32312444,-0.049592299,-0.752115728,0.103002756,171.1923382,26.10000038,72.39082879,174,32,688,-90.337189,-0.639359